producto_id,nombre_producto,categoria,precio_unitario,stock_disponible,fecha_ingreso
366,Sensor de Movimiento Smart,Domotica,19.8,157.0,2025-08-31
179,Laminadora Documentos A4,Oficina,48.0,35.0,
448,Soporte Teléfono de Mesa,Accesorios,9.2,,2025-08-03
356,Monitor Gaming 27,Electronica,337.76,32.0,2024-07-02
428,Teclado Numérico Inalámbrico,Accesorios,20.45,121.0,2025-06-26
392,soporte audífonos rgb,Accesorios,22.32,143.0,2024-09-21
285,Soporte Teléfono de Mesa,Accesorios,7.69,322.0,2025-01-06
183,Adaptador Bluetooth USB,Accesorios,10.0,320.0,2024-08-20
498,,componentes,,136.0,2025-04-30
443,Silla Ergonomica,,1.0,36.0,
328,Adaptador DisplayPort a HDMI,Accesorios,-100.0,351.0,
176,Pantalla de Proyección 100,Electronica,75.0,,2024-08-03
319,,Mobiliario,,46.0,2024-12-12
498,Memoria RAM DDR5 32GB,Componentes,185.92,136.0,2025-04-30
443,Silla Ergonomica,Mobiliario,264.05,,2024-05-30
177,Teclado Bluetooth Multidispositivo,Accesorios,42.5,110.0,2024-08-05
107,Escritorio Ajustable,Mobiliario,450.0,10.0,2024-02-03
294,Toallitas Microfibra x10,Mantenimiento,10.43,329.0,
174,Altavoz Inteligente Asistente,Electronica,55.0,105.0,2024-07-28
255,Escritorio Ajustable,Mobiliario,500.85,49.0,2024-05-24
110,Microfono Condensador,Audio,95.0,40.0,2024-02-15
277,cinta organizadora velcro 5m,Oficina ,6.91,423.0,2024-10-31
131,Batería Externa 20000mAh,Accesorios,39.99,140.0,2024-04-10
101,SSD M.2 NVMe 1TB,Almacenamiento,106.85,142.0,2024-12-09
205,Cojín para Asiento Gel,Mobiliario,33.82,87.0,2025-09-23
233,Mouse Vertical Ergonómico,Accesorios,36.03,68.0,2024-07-08
171,Teclado Mecánico 60%,Accesorios,72.0,85.0,2024-07-20
321,Tóner Negro Estándar,Oficina,56.09,121.0,2024-06-30
193,Multímetro Digital,Herramientas,31.0,75.0,2024-09-15
156,Caja Externa para SSD M.2,Almacenamiento,26.0,125.0,
406,Tarjeta de Red Wi-Fi PCIe,Redes,40.08,55.0,2024-12-04
432,Microfono Condensador,,97.06,63.0,2025-02-01
258,Termómetro / Higrómetro Digital,Domotica,15.89,178.0,2025-01-28
478,Unidad de Respaldo UPS 850VA,Componentes,96.58,3.0,2024-08-23
469,Trípode de Mesa Aluminio,Fotografia,29.23,152.0,
173,Auriculares In Ear Streamer,Audio,32.0,120.0,2024-07-25
305,Microfono Condensador,Audio,120.84,89.0,2024-11-30
160,,Electronica,,106.0,2025-01-25
140,Gabinete PC ATX,Componentes,85.0,55.0,2024-05-03
339,Repetidor Wi-Fi Dual Band,Redes,31.91,201.0,2024-11-06
480, Auriculares In Ear Streamer ,audio,26.45,73.0,2024-12-25
232, Teclado Bluetooth Multidispositivo ,accesorios,36.59,155.0,2025-03-23
330,Pantalla de Proyección 100,Electronica,84.63,0.0,2025-01-23
180,Destructora de Papel,Oficina,65.0,25.0,2024-08-12
256,Interfaz de Audio USB 2ch,Audio,107.21,123.0,2025-04-21
134,,Fotografia,,115.0,2024-04-18
282,Escritorio Ajustable,Mobiliario,461.63,0.0,2024-12-19
405,Auriculares Noise Cancelling,Audio,225.74,103.0,2024-04-02
178,Puntero Presentador Láser,,18.0,140.0,2024-08-08
482,Silla Ejecutiva Cuero,Mobiliario,220.43,89.0,2025-03-31
485,Cojín Lumbar Viscoelástico,Mobiliario,21.43,150.0,2024-09-27
116,Altavoces Bluetooth,Audio,65.0,70.0,2024-03-03
249,Bolsa Térmica Almuerzo,Oficina,16.47,176.0,2025-01-31
227,Trípode de Mesa Aluminio,Fotografia,19.66,126.0,2024-11-19
120,Laptop Pro 15,Electronica,1250.0,45.0,
120,Teclado Ergonómico,Accesorios,98.0,45.0,2024-03-12
382,Cable HDMI 2.1 2m,Accesorios,-5.0,470.0,2024-10-27
391,Altavoz Inteligente Asistente,Electronica,58.31,71.0,2025-03-15
157,Tarjeta de Red Wi-Fi PCIe,Redes,35.0,80.0,2024-06-15
403,Brazo Articulado Micrófono,Audio,49.34,40.0,2025-03-09
253,Repetidor Wi-Fi Dual Band,Redes,34.79,238.0,2025-01-22
194,Cautín de Soldar 60W,Herramientas,19.5,85.0,2024-09-18
390,Termómetro / Higrómetro Digital,Domotica,13.56,243.0,
497,Disipador CPU Aire,Componentes,42.62,79.0,2024-09-15
386,Caja Externa para SSD M.2,Almacenamiento,26.43,102.0,2024-08-28
467,Cinta Organizadora Velcro 5m,Oficina,5.7,471.0,
126,Cable HDMI 2.1 2m,Accesorios,12.0,400.0,2024-03-28
281,Cable HDMI 2.1 2m,,14.35,362.0,2025-02-06
376,Caja Externa para SSD M.2,,25.39,170.0,2024-12-23
214,Interfaz de Audio USB 2ch,Audio,98.05,2.0,
143,Refrigeración Líquida 240mm,Componentes,125.0,30.0,2024-05-10
490,Cable HDMI 2.1 2m,Accesorios,9.45,360.0,2025-01-17
487,Adaptador DisplayPort a HDMI,Accesorios,9.73,351.0,2024-07-20
378,Teclado Numérico Inalámbrico,Accesorios,15.06,59.0,2024-08-31
273,Auriculares Noise Cancelling,Audio,167.35,46.0,2024-11-06
225,Filtro Anti-pop Microfono,Audio,16.58,262.0,
385,Webcam Full HD 1080p,,63.88,81.0,2024-06-15
123,Brazo Articulado Monitor,Mobiliario,62.0,60.0,
147,Protector de Picos 8 Tomas,Accesorios,22.5,130.0,2024-05-20
110,Kits de Limpieza Pantallas,Mantenimiento,7.5,380.0,2024-09-10
347,Cable Ethernet Cat 6 10m,,12.7,207.0,2025-01-23
217,Mouse Inalambrico,Accesorios,22.13,193.0,2024-07-01
302,Impresora Multifuncional,Oficina,158.7,43.0,2024-05-21
158,Cable Ethernet Cat 6 10m,Redes,14.5,230.0,2024-06-18
238,Caja Organizadora Cables XL,Oficina,16.19,208.0,2025-09-16
125,Switch Gigabit 8 Puertos,Redes,38.5,,2024-03-25
118,Mochila Antirrobo,Accesorios,48.0,95.0,2024-03-08
105,Cinta Organizadora Velcro 5m,Oficina,6.5,450.0,2024-07-10
367,Tóner Negro Estándar,Oficina,47.48,111.0,2024-12-12
395,Enchufe Inteligente Medidor Consumo,Domotica,19.34,193.0,2025-01-21
132,Capturadora de Video 4K,Electronica,135.0,35.0,2024-04-12
185, Token de Seguridad FIDO2 ,seguridad,45.0,90.0,2024-08-25
402,Soporte Tablet Articulado,Accesorios,17.95,120.0,2024-10-29
499,Hub USB-C 7 en 1,Accesorios,39.84,,2024-12-20
195,Soporte Tablet Articulado,Accesorios,23.0,140.0,2024-09-20
130,Tóner Negro Estándar,Oficina,45.0,110.0,2024-04-08
105,Silla Ergonomica,,0.0,15.0,2024-01-25
254,Toallitas Microfibra x10,Mantenimiento,10.39,281.0,2024-12-19
496,Gabinete PC ATX,Componentes,97.79,65.0,2024-08-14
269,Sensor de Movimiento Smart,Domotica,19.79,156.0,
397,Fuente de Poder 750W Gold,Componentes,102.92,40.0,2025-03-20
106,Auriculares Noise Cancelling,Audio,175.5,,2024-02-01
146,,,,220.0,2024-05-18
343,reposapiés ergonómico,MOBILIARIO,33.97,20.0,2025-06-01
182,Cable VGA a HDMI 1.8m,Accesorios,8.5,210.0,2024-08-18
479,Gabinete PC ATX,Componentes,96.42,-10.0,2025-04-26
106,Auriculares Noise Cancelling,Audio,175.5,15000.0,2024-02-01
117,Cargador Carga Rápida 65W,,29.99,210.0,2024-03-05
298,Organizador de Cables Espiral,Oficina,6.8,566.0,2025-06-10
218, Altavoz Inteligente Asistente ,Electronica,68.32,68.0,2025-07-13
415,Auriculares In Ear Streamer,Audio,37.38,107.0,
104,Mouse Inalambrico,Accesorios,25.99,200.0,2024-01-22
119,SSD M.2 NVMe 1TB,Almacenamiento,89.99,130.0,2024-03-10
494,Panel de Luz LED Streaming,Fotografia,64.69,80.0,2025-04-14
161,Monitor Portable 15.6,Electronica,210.0,35.0,2024-06-25
457,Teclado Ergonómico,,95.85,57.0,2024-09-16
130,Adaptador DisplayPort a HDMI,Accesorios,10.82,355.0,2025-01-25
164,Anillo de Luz 10 Pulgadas,Fotografia,21.0,140.0,2024-07-03
211,Monitor Curvo 34,Electronica,578.71,0.0,2025-04-06
379,Disipador CPU Aire,Componentes,36.01,114.0,2024-05-08
309,Kits de Limpieza Pantallas,Mantenimiento,8.93,453.0,2024-10-12
130,Tóner Negro Estándar,Oficina,45.0,110.0,
241,Foco LED RGB Wi-Fi 10W,,10.2,268.0,2025-10-03
453,Refrigeración Líquida 240mm,Componentes,96.01,4.0,2024-11-05
375,Altavoces Bluetooth,Audio,71.66,123.0,
127,Filtro de Pantalla Privacidad,Accesorios,32.0,75.0,
108,Webcam Full HD 1080p,Accesorios,55.0,85.0,2024-02-10
473,Laptop Pro 15,Electronica,1499.49,5.0,2024-09-04
500,Monitor Portable 15.6,Electronica,248.75,-1.0,2025-05-01
209,Base Enfriadora Laptop,Accesorios,31.91,110.0,
447, Brazo Articulado Micrófono ,Audio,31.11,91.0,2024-04-22
275,Interfaz de Audio USB 2ch,Audio,146.3,61.0,2024-10-27
219,Organizador de Cables Espiral,Oficina,7.44,489.0,2024-12-20
215, Puntero Presentador Láser ,Oficina ,17.37,139.0,2025-08-02
472,SSD M.2 NVMe 1TB,Almacenamiento,96.35,161.0,2024-03-11
311,Cinta Organizadora Velcro 5m,Oficina,7.81,473.0,2024-08-21
426,Cámara de Seguridad IP,Redes,71.19,102.0,2024-09-17
436,Pantalla de Proyección 100,Electronica,88.09,64.0,2024-11-25
463,Laptop Pro 15,Electronica,1167.37,49.0,2025-01-07
300,Multímetro Digital,Herramientas,30.4,5000.0,2025-02-15
492,Repetidor Wi-Fi Dual Band,Redes,29.86,163.0,2024-08-06
242, Capturadora de Video 4K ,Electrónica,139.77,97.0,2025-02-23
423,Cable HDMI 2.1 2m,Accesorios,14.99,438.0,2024-11-19
323,Enchufe Inteligente Medidor Consumo,Domotica,13.99,235.0,2025-06-24
466,Escritorio Ajustable,Mobiliario,500.58,24.0,
392,Soporte Audífonos RGB,Accesorios,22.32,143.0,2024-09-21
210,Disco Duro Interno 4TB NAS,Almacenamiento,167.8,50.0,2024-10-22
489,fondo verde chroma key,Fotografia,150000.0,45.0,2025-07-10
246,Cargador Solar Portátil,,39.95,118.0,2024-10-11
304,Enchufe Inteligente Medidor Consumo,Domotica,15.64,260.0,2024-10-25
266,Organizador de Cables Espiral,Oficina,6.41,564.0,2025-05-31
276,Mochila Antirrobo,Accesorios,50.7,98.0,2024-05-04
184,Lector Huella Dactilar USB,Seguridad,29.0,65.0,2024-08-22
452,Proyector Mini HD,Electronica,176.07,68.0,2024-08-17
274,Multímetro Digital,Herramientas,30.55,119.0,2024-12-22
175,Proyector Mini HD,Electronica,140.0,28.0,2024-08-01
328,Adaptador DisplayPort a HDMI,Accesorios,11.75,351.0,2024-10-15
422,Silla Ejecutiva Cuero,Mobiliario,347.42,84.0,2024-07-11
220,,Oficina,,85.0,2024-10-03
338,Teclado Ergonómico,Accesorios,79.9,55.0,2025-03-29
362,Escáner Portátil Documentos,Oficina,194.99,,2025-01-18
297,Laptop Pro 15,,1241.62,90.0,2024-05-19
349,,Audio,,56.0,2024-02-10
419,Gabinete PC ATX,Componentes,97.48,64.0,2025-03-18
296,Disco Duro Externo 2TB,Almacenamiento,84.93,188.0,
324,teclado mecánico 60%,accesorios,91.89,162.0,2024-09-09
450,Altavoz Inteligente Asistente,Electronica,65.54,171.0,
335,Batería Externa 20000mAh,Accesorios,40.59,197.0,2024-10-08
137,Silla Ejecutiva Cuero,Mobiliario,290.0,12.0,2024-04-25
240,Monitor Gaming 27,Electronica,241.22,41.0,2024-07-02
422,Silla Ejecutiva Cuero,Mobiliario,347.42,84.0,2024-07-11
354, Termómetro / Higrómetro Digital ,Domotica,11.53,179.0,2024-10-06
408, SSD M.2 NVMe 1TB ,Almacenamiento,77.37,99.0,2024-06-30
484,Silla Ejecutiva Cuero,Mobiliario,321.4,83.0,
160,Interfaz de Audio USB 2ch,Audio,120.0,45.0,2024-06-22
212,Caja Organizadora Cables XL,Oficina,22.42,88.0,2025-08-16
312,Memoria RAM DDR5 32GB,Componentes,130.6,46.0,2024-08-14
310, Panel de Luz LED Streaming ,Fotografía,86.12,100.0,2025-01-07
107,Escritorio Ajustable,Mobiliario,450.0,10.0,
418,trípode de mesa aluminio,Fotografía,20.82,0.0,2024-04-18
459,Base Enfriadora Laptop,Accesorios,23.3,88.0,
259,Panel de Luz LED Streaming,Fotografia,79.42,74.0,2024-08-05
251,Teclado Ergonómico,Accesorios,91.07,84.0,2024-08-05
278,Capturadora de Video 4K,Electronica,151.08,111.0,2024-09-13
111,Tablet Ultra 10,Electronica,450.0,50.0,2024-02-18
369,Teclado Numérico Inalámbrico,Accesorios,22.11,83.0,2025-06-23
204,Router Wi-Fi 6,Redes,127.42,82.0,2024-12-04
182,Cable VGA a HDMI 1.8m,Accesorios,8.5,210.0,2024-08-18
351,Panel de Luz LED Streaming,Fotografia,84.79,10.0,2025-03-21
376,Caja Externa para SSD M.2,Almacenamiento,25.39,170.0,2024-12-23
268,Teclado Numérico Inalámbrico,Accesorios,24.19,81.0,2024-06-27
289,,Audio,,0.0,2024-10-02
385,Webcam Full HD 1080p,Accesorios,63.88,,2024-06-15
190,Cinta Organizadora Velcro 5m,Oficina,8.05,491.0,2025-03-30
462,Cautín de Soldar 60W,Herramientas,20.63,97.0,2025-01-27
299,Altavoces Bluetooth,Audio,67.22,88.0,2024-12-05
295, Limpiador Aire Comprimido 400ml ,Mantenimiento,14.07,212.0,2025-01-12
190,limpiador aire comprimido 400ml,Mantenimiento,11.0,240.0,2024-09-08
332,Destornillador Precisión Kit,Herramientas,19.87,207.0,2024-11-20
264, Tarjeta MicroSD 256GB ,Almacenamiento,26.48,377.0,2025-03-22
475,Teclado Ergonómico,Accesorios,107.14,47.0,2025-03-01
248,Caja Externa para SSD M.2,Almacenamiento,9999.0,112.0,2025-03-18
103,,Electronica,,30.0,2024-01-20
193,Multímetro Digital,Herramientas,31.0,75.0,
170,Termo Acero Inoxidable 1L,Oficina,22.0,160.0,2024-07-18
387,Cojín para Asiento Gel,Mobiliario,32.1,63.0,2025-03-08
224,Cojín para Asiento Gel,Mobiliario,21.22,130.0,2025-09-29
425,Repetidor Wi-Fi Dual Band,Redes,31.42,141.0,2024-10-26
197,Foco LED RGB Wi-Fi 10W,Domotica,12.5,260.0,2024-09-25
244,Monitor Gaming 27,Electronica,292.95,,2024-04-09
434,Cojín para Asiento Gel,Mobiliario,30.3,64.0,2025-02-06
477,Tóner Negro Estándar,Oficina,45.81,187.0,2024-11-17
198,Sensor de Movimiento Smart,Domotica,21.0,110.0,2024-09-28
458,,Mobiliario,,142.0,2024-12-21
169,Bolsa Térmica Almuerzo,Oficina,15.0,130.0,2024-07-15
124,Router Wi-Fi 6,Redes,115.0,80.0,2024-03-22
138,Cámara de Seguridad IP,Redes,68.0,90.0,
245,Consola de Mezclas USB,Audio,200.77,99.0,2025-01-25
223,Teclado Mecánico 60%,Accesorios,70.77,163.0,2024-12-02
345,Interruptor Inteligente Wi-Fi,Domotica,12.9,241.0,2025-02-24
303,Cautín de Soldar 60W,Herramientas,23.8,119.0,2024-10-26
283,Webcam Full HD 1080p,Accesorios,62.48,-20.0,2024-07-01
168,cerradura inteligente escritorio,Oficina,38.0,50.0,2024-07-12
326,Termómetro / Higrómetro Digital,Domotica,15.14,247.0,2024-11-22
424,,Componentes,,84.0,2025-03-31
430,impresora multifuncional,Oficina ,199.38,12.0,
223,,Accesorios,,163.0,2024-12-02
363,Silla Ergonomica,Mobiliario,167.71,21.0,2024-05-15
203, Proyector Mini HD ,Electrónica,140.36,94.0,
340,Soporte Teléfono de Mesa,Accesorios,10.12,315.0,2024-10-25
226,Fuente de Poder 750W Gold,Componentes,137.86,86.0,2025-01-27
247, Teclado Mecanico RGB ,accesorios,89.09,9999.0,2024-08-07
437,,Audio,,77.0,2025-01-29
483,Disipador CPU Aire,Componentes,45.35,78.0,2024-05-24
324,Teclado Mecánico 60%,Accesorios,91.89,162.0,2024-09-09
329,Filtro Anti-pop Microfono,Audio,17.34,,2024-09-12
187,Cojín Lumbar Viscoelástico,Mobiliario,26.5,115.0,
470,Capturadora de Video 4K,Electronica,164.79,39.0,2024-04-18
320,Disco Duro Interno 4TB NAS,Almacenamiento,151.19,98.0,2025-06-05
350,Caja Externa para SSD M.2,Almacenamiento,32.04,183.0,
471,Altavoz Inteligente Asistente,Electronica,43.84,139.0,2024-12-21
346,Webcam Full HD 1080p,Accesorios,46.38,124.0,2024-06-24
180,Caja Externa para SSD M.2,Almacenamiento,21.4,77.0,2024-09-30
433,Cámara de Seguridad IP,Redes,71.06,86.0,2024-12-11
284,Toallitas Microfibra x10,Mantenimiento,9.62,271.0,2025-04-14
348,Fuente de Poder 750W Gold,Componentes,98.23,-5.0,
413,Brazo Articulado Monitor,Mobiliario,65.22,139.0,2024-04-01
411,Enchufe Inteligente Medidor Consumo,,17.14,162.0,2025-03-12
412,Auriculares Noise Cancelling,Audio,164.12,19.0,2024-10-18
230,Laptop Pro 15,Electronica,1433.69,97.0,2024-10-23
139,Repetidor Wi-Fi Dual Band,Redes,27.5,160.0,2024-05-01
112,Hub USB-C 7 en 1,Accesorios,42.0,150.0,
399,,Oficina,,142.0,2024-12-14
286,Mousepad Gamer XL,Accesorios,16.66,285.0,2025-01-16
400,Monitor Curvo 34,Electronica,483.76,83.0,2024-03-18
381,Trípode de Mesa Aluminio,Fotografia,20.11,109.0,2024-06-29
213,Adaptador DisplayPort a HDMI,Accesorios,10.09,321.0,2025-06-06
280,Refrigeración Líquida 240mm,Componentes,142.49,18.0,2024-10-26
461,,Electronica,,107.0,2024-05-07
398,Sensor de Movimiento Smart,Domotica,18.57,,
462,Cautín de Soldar 60W,Herramientas,20.63,97.0,2025-01-27
315,Trípode de Mesa Aluminio,Fotografia,21.89,122.0,2024-08-09
417,,Oficina,,,2024-10-11
334,Pasta Térmica Alto Rendimiento,Componentes,11.06,,2025-01-21
373,Refrigeración Líquida 240mm,,110.26,94.0,2024-08-28
265,Escritorio Ajustable,Mobiliario,515.93,87.0,2024-03-06
102,Tóner Negro Estándar,Oficina,55.61,187.0,2025-03-21
298,Organizador de Cables Espiral,Oficina,6.8,566.0,2025-06-10
359, Teclado Bluetooth Multidispositivo ,accesorios,36.72,172.0,2025-05-19
333,Fondo Verde Chroma Key,Fotografia,55.54,80.0,2025-02-06
216,Mouse Inalambrico,Accesorios,23.95,203.0,2024-05-06
221,Router Wi-Fi 6,Redes,108.81,153.0,2024-05-01
325,Adaptador Bluetooth USB,Accesorios,10.21,386.0,2024-10-27
455,Mousepad Gamer XL,Accesorios,13.5,313.0,2024-05-05
454,Termo Acero Inoxidable 1L,Oficina,16.91,138.0,2024-09-18
228,Silla Ejecutiva Cuero,Mobiliario,333.87,65.0,2024-11-24
499,Hub USB-C 7 en 1,Accesorios,0.0,143.0,2024-12-20
208,Toallitas Microfibra x10,Mantenimiento,11.57,254.0,2025-03-20
439,Cámara de Seguridad IP,Redes,59.5,62.0,2025-02-24
234,Lámpara LED Escritorio,Mobiliario,27.73,125.0,2024-12-01
421,Tarjeta MicroSD 256GB,Almacenamiento,33.91,284.0,2024-09-24
170,Pasta Térmica Alto Rendimiento,Componentes,9.5,350.0,2024-05-15
273,Auriculares Noise Cancelling,Audio,167.35,46.0,2024-11-06
166,Destornillador Precisión Kit,Herramientas,25.0,175.0,2024-07-08
384,Monitor Portable 15.6,Electronica,157.8,20.0,2025-03-08
186,Soporte Audífonos RGB,Accesorios,24.0,150.0,2024-08-28
343,Reposapiés Ergonómico,Mobiliario,33.97,20.0,2025-06-01
287,,Accesorios,,0.0,2024-07-26
260,Mouse Gamer 16000 DPI,Accesorios,59.09,148.0,2025-06-26
113, Lámpara LED Escritorio ,MOBILIARIO,35.0,90.0,2024-02-22
140,Brazo Articulado Micrófono,Audio,38.0,85.0,
129,Impresora Multifuncional,Oficina,195.0,25.0,2024-04-05
271,SSD M.2 NVMe 1TB,Almacenamiento,95.8,,2024-03-26
243,cable ethernet cat 6 10m,REDES,18.55,218.0,2025-07-08
472,SSD M.2 NVMe 1TB,Almacenamiento,96.35,161.0,2024-03-11
441,Caja Organizadora Cables XL,Oficina,15.59,183.0,2025-07-17
322,Caja Organizadora Cables XL,Oficina,16.21,98.0,2025-02-28
196,Interruptor Inteligente Wi-Fi,Domotica,16.5,190.0,2024-09-22
152,Mouse Vertical Ergonómico,Accesorios,34.0,90.0,2024-06-03
341, Auriculares Noise Cancelling ,Audio,209.05,70.0,2024-11-29
491,Tablet Ultra 10,,425.53,112.0,2024-08-22
435,Webcam Full HD 1080p,Accesorios,45.79,81.0,2024-12-29
279,Teclado Mecanico RGB,Accesorios,79.29,173.0,2025-02-13
142,Disipador CPU Aire,Componentes,42.5,95.0,
442,refrigeración líquida 240mm,componentes,157.83,79.0,2025-03-29
307,Bolsa Térmica Almuerzo,Oficina,16.89,95.0,2025-04-20
383,Caja Externa para SSD M.2,Almacenamiento,31.99,137.0,2024-07-29
195,Toallitas Microfibra x10,Mantenimiento,10.77,334.0,2025-01-22
465,Foco LED RGB Wi-Fi 10W,Domotica,9.55,241.0,2025-03-21
105,Silla Ergonomica,Mobiliario,210.0,15.0,
357,Altavoz Inteligente Asistente,Electronica,66.95,139.0,2024-10-13
125,Sensor de Movimiento Smart,Domotica,22.95,132.0,2025-04-16
201,Mouse Vertical Ergonómico,Accesorios,43.28,146.0,
327,Brazo Articulado Monitor,Mobiliario,73.14,48.0,2024-07-06
476,Soporte Audífonos RGB,Accesorios,28.29,,2025-03-17
314,Unidad de Respaldo UPS 850VA,Componentes,105.51,82.0,2024-11-12
272,Memoria RAM DDR5 32GB,Componentes,183.75,80.0,2025-05-19
199,Termómetro / Higrómetro Digital,Domotica,14.0,175.0,2024-10-01
393,Cargador Carga Rápida 65W,Accesorios,28.15,184.0,2024-05-11
316,Proyector Mini HD,Electronica,172.57,0.0,2025-04-06
162,Base Enfriadora Laptop,Accesorios,27.0,110.0,2024-06-28
148,,,,500.0,2024-05-22
133,panel de luz led streaming,Fotografia,72.0,50.0,2024-04-15
368,cámara de seguridad ip,Redes,67.86,118.0,2024-05-27
301,Altavoces Bluetooth,Audio,54.42,10000.0,2024-09-03
493,Disco Duro Interno 4TB NAS,Almacenamiento,144.95,68.0,2025-04-17
150,Soporte Doble Monitor,Mobiliario,85.0,40.0,2024-04-03
179,Laminadora Documentos A4,Oficina,48.0,35.0,2024-08-10
331,lámpara led escritorio,Mobiliario,30.53,66.0,2024-06-22
361,Cable HDMI 2.1 2m,Accesorios,12.29,467.0,2024-12-11
389,Brazo Articulado Monitor,Mobiliario,63.95,27.0,2025-01-07
263,Destornillador Precisión Kit,Herramientas,28.26,192.0,2025-04-22
474,Teclado Mecanico RGB,Accesorios,81.2,,2025-02-16
239,Filtro de Pantalla Privacidad,Accesorios,31.52,140.0,2024-11-19
163,Soporte Teléfono de Mesa,Accesorios,9.99,310.0,2024-07-01
236,Soporte Doble Monitor,Mobiliario,101.32,,2025-03-08
229,Kits de Limpieza Pantallas,Mantenimiento,7.94,430.0,2025-01-18
109,Disco Duro Externo 2TB,Almacenamiento,75.25,110.0,2024-02-12
427,Foco LED RGB Wi-Fi 10W,Domotica,10.97,262.0,2025-01-06
165,Fondo Verde Chroma Key,,45.0,60.0,2024-07-05
401,Cautín de Soldar 60W,Herramientas,16.63,96.0,2025-09-02
115,Soporte para Laptop,Accesorios,18.99,180.0,2024-03-01
257,,Accesorios,,108.0,2024-10-09
141,Fuente de Poder 750W Gold,Componentes,110.0,65.0,
440,Limpiador Aire Comprimido 400ml,Mantenimiento,13.98,293.0,2025-04-05
456,Teclado Mecánico 60%,Accesorios,92.63,139.0,2025-01-12
317,Brazo Articulado Micrófono,Audio,32.21,133.0,2024-05-27
380,Silla Ergonomica,,210.72,54.0,2024-03-10
481,Cable Ethernet Cat 6 10m,Redes,18.06,277.0,2025-01-18
438,Bolsa Térmica Almuerzo,Oficina,18.07,153.0,2025-07-09
337,Repetidor Wi-Fi Dual Band,Redes,27.2,235.0,2024-06-27
308,Destructora de Papel,Oficina,71.72,102.0,2025-01-18
313,,accesorios,,204.0,2024-12-18
396,Webcam Full HD 1080p,Accesorios,99999.0,117.0,2024-03-22
226,Fuente de Poder 750W Gold,Componentes,137.86,86.0,
352,Cable HDMI 2.1 2m,Accesorios,11.51,435.0,
308,Destructora de Papel,Oficina,71.72,102.0,2025-01-18
429,Teclado Numérico Inalámbrico,Accesorios,18.22,69.0,
404,Lector Huella Dactilar USB,Seguridad,37.21,18.0,2025-07-22
451,Fuente de Poder 750W Gold,Componentes,89.41,39.0,2024-08-02
370,Microfono Condensador,Audio,119.66,63.0,2024-11-13
302,Impresora Multifuncional,Oficina,158.7,43.0,2024-05-21
262, Multímetro Digital ,HERRAMIENTAS,28.09,,2025-08-18
144,Memoria RAM DDR5 32GB,Componentes,999999.0,85.0,2024-05-12
318,Cable VGA a HDMI 1.8m,Accesorios,7.54,255.0,2025-01-16
291,,Accesorios,,131.0,2024-10-10
410,Anillo de Luz 10 Pulgadas,Fotografia,16.76,,2024-11-18
360,trípode de mesa aluminio,Fotografía,23.2,136.0,2024-05-26
206,Anillo de Luz 10 Pulgadas,Fotografia,27.21,147.0,2024-07-24
154,Cargador Solar Portátil,Accesorios,52.0,40.0,2024-06-08
102,Teclado Mecanico RGB,Accesorios,85.5,120.0,
118,Mochila Antirrobo,Accesorios,48.0,95.0,
150,Escáner Portátil Documentos,Oficina,160.0,18.0,2024-05-28
181,Unidad de Respaldo UPS 850VA,,95.0,40.0,2024-08-15
306,Mouse Vertical Ergonómico,Accesorios,32.51,135.0,2025-02-14
135,Filtro Anti-pop Microfono,Audio,14.0,190.0,2024-04-20
364,Protector de Picos 8 Tomas,Accesorios,22.08,164.0,
467,Cinta Organizadora Velcro 5m,Oficina,5.7,471.0,2024-09-01
192,Toallitas Microfibra x10,Mantenimiento,9.0,290.0,2024-09-12
440,,Mantenimiento,,293.0,2025-04-05
153,Adaptador DisplayPort a HDMI,Accesorios,11.5,280.0,2024-06-05
446,Lector de Tarjetas SD USB-C,Accesorios,14.08,259.0,2024-09-04
365,Destornillador Precisión Kit,Herramientas,29.82,227.0,2025-01-15
342,Monitor Curvo 34,Electronica,448.84,0.0,2024-04-30
114,Tarjeta MicroSD 256GB,Almacenamiento,28.5,300.0,2024-02-25
416,Soporte Tablet Articulado,Accesorios,29.01,,2025-05-13
189,Caja Organizadora Cables XL,Oficina,17.5,130.0,2024-09-05
488,Anillo de Luz 10 Pulgadas,Fotografia,250000.0,143.0,2025-06-30
374,Brazo Articulado Monitor,Mobiliario,50.87,104.0,2025-03-28
267,Mousepad Gamer XL,Accesorios,13.71,237.0,2024-11-02
429,Teclado Numérico Inalámbrico,Accesorios,18.22,69.0,2024-09-19
266,,Oficina ,,564.0,2025-05-31
235,Destornillador Precisión Kit,Herramientas,27.33,186.0,2024-11-18
200,Memoria RAM DDR5 32GB,,125.1,152.0,2025-03-31
483,Disipador CPU Aire,Componentes,45.35,78.0,
420,Multímetro Digital,Herramientas,25.63,129.0,2025-05-01
344,Cargador Solar Portátil,Accesorios,55.71,1.0,2025-05-03
155,Disco Duro Interno 4TB NAS,,130.0,50.0,2024-06-10
464,Monitor Gaming 27,Electronica,305.7,89.0,2024-06-29
151,Teclado Numérico Inalámbrico,Accesorios,19.5,105.0,2024-06-01
275,Interfaz de Audio USB 2ch,Audio,146.3,61.0,
290, Cerradura Inteligente Escritorio ,Oficina ,46.1,115.0,2025-06-26
159,Consola de Mezclas USB,Audio,185.0,20.0,2024-06-20
288,Interfaz de Audio USB 2ch,Audio,111.56,2.0,2024-08-13
270,Anillo de Luz 10 Pulgadas,Fotografia,25.73,,
159,Consola de Mezclas USB,Audio,185.0,,2024-06-20
149,Reposapiés Ergonómico,Mobiliario,29.99,70.0,2024-05-25
445,Puntero Presentador Láser,Oficina,22.75,100.0,2025-04-21
336,Repetidor Wi-Fi Dual Band,Redes,27.04,199.0,2024-05-19
353,Filtro de Pantalla Privacidad,Accesorios,34.02,122.0,2024-07-14
122,Mousepad Gamer XL,Accesorios,15.5,250.0,
414,Gabinete PC ATX,,101.61,69.0,2025-03-17
261,Termómetro / Higrómetro Digital,Domotica,13.37,223.0,2025-03-02
377,Filtro de Pantalla Privacidad,Accesorios,35.75,85.0,2024-07-31
292,Lámpara LED Escritorio,Mobiliario,44.91,145.0,2024-07-28
486,Tarjeta de Red Wi-Fi PCIe,Redes,31.38,127.0,2025-03-09
394,Microfono Condensador,Audio,112.48,,2024-07-09
425,Repetidor Wi-Fi Dual Band,Redes,31.42,141.0,2024-10-26
444,Toallitas Microfibra x10,Mantenimiento,8.6,290.0,2024-10-10
358,Auriculares In Ear Streamer,,26.27,120.0,2025-01-13
409,Hub USB-C 7 en 1,Accesorios,34.15,189.0,2024-07-10
250,,Audio,,62.0,2025-03-05
231,Disco Duro Externo 2TB,Almacenamiento,85.85,149.0,2024-03-24
252,,Accesorios,,46.0,2024-07-17
460,Pasta Térmica Alto Rendimiento,Componentes,9.1,318.0,2024-06-01
200,Enchufe Inteligente Medidor Consumo,Domotica,18.5,210.0,2024-10-03
473,Laptop Pro 15,Electronica,1499.49,5.0,2024-09-04
188,Cojín para Asiento Gel,Mobiliario,28.0,100.0,2024-09-03
431,Filtro de Pantalla Privacidad,Accesorios,37.09,110.0,2025-02-16
315,trípode de mesa aluminio,Fotografía,21.89,122.0,2024-08-09
222,Impresora Multifuncional,Oficina,232.29,39.0,2025-03-15
240,Monitor Gaming 27,Electronica,241.22,41.0,2024-07-02
121, Monitor Curvo 34 ,Electrónica,580.0,22.0,2024-03-15
289,Interfaz de Audio USB 2ch,Audio,104.24,0.0,
172,Mouse Gamer 16000 DPI,Accesorios,49.99,95.0,2024-07-22
207,Caja Organizadora Cables XL,Oficina,15.93,138.0,2025-02-21
371,Lector Huella Dactilar USB,Seguridad,29.07,48.0,2025-05-10
449,Monitor Curvo 34,Electronica,556.0,24.0,2024-07-29
181,Unidad de Respaldo UPS 850VA,Componentes,95.0,40.0,2024-08-15
203,Proyector Mini HD,Electronica,140.36,94.0,2024-11-08
